"Station Longitude","Station Latitude","Variable Name","Metric","Timestamp","Value","Infilled","Range check","Continuity check","Persistence check","Climatological check","Spatial check","Temporal check","Check outcome"
14.4284,40.96616944,"Rainfall","SUM",2022-03-19,0,FALSE,"CORRECT","UNCHECKED","AUXUNRELIABLE","UNCHECKED","UNCHECKED","UNCHECKED","UNDECIDED"
14.545,40.63825,"Rainfall","SUM",2022-03-19,0.4,FALSE,"CORRECT","UNCHECKED","AUXUNRELIABLE","UNCHECKED","UNCHECKED","UNCHECKED","UNDECIDED"
14.17280556,41.38247222,"Rainfall","SUM",2022-03-19,0,FALSE,"CORRECT","UNCHECKED","AUXUNRELIABLE","UNCHECKED","UNCHECKED","UNCHECKED","UNDECIDED"
15.01511111,40.49713889,"Rainfall","SUM",2022-03-19,0.2,FALSE,"CORRECT","UNCHECKED","AUXUNRELIABLE","UNCHECKED","UNCHECKED","UNCHECKED","UNDECIDED"
15.04280556,40.51208333,"Rainfall","SUM",2022-03-19,0,FALSE,"CORRECT","UNCHECKED","AUXUNRELIABLE","UNCHECKED","UNCHECKED","UNCHECKED","UNDECIDED"
14.71227778,40.67072222,"Rainfall","SUM",2022-03-19,0.2,FALSE,"CORRECT","UNCHECKED","AUXUNRELIABLE","UNCHECKED","UNCHECKED","UNCHECKED","UNDECIDED"
15.43113889,40.17525,"Rainfall","SUM",2022-03-19,0.2,FALSE,"CORRECT","UNCHECKED","AUXUNRELIABLE","UNCHECKED","UNCHECKED","UNCHECKED","UNDECIDED"
14.33372222,41.33922222,"Rainfall","SUM",2022-03-19,0,FALSE,"CORRECT","UNCHECKED","AUXUNRELIABLE","UNCHECKED","UNCHECKED","UNCHECKED","UNDECIDED"
14.28491944,41.34177222,"Rainfall","SUM",2022-03-19,0,FALSE,"CORRECT","UNCHECKED","AUXUNRELIABLE","UNCHECKED","UNCHECKED","UNCHECKED","UNDECIDED"
14.78386111,41.00627778,"Rainfall","SUM",2022-03-19,1,FALSE,"CORRECT","UNCHECKED","AUXUNRELIABLE","UNCHECKED","UNCHECKED","UNCHECKED","UNDECIDED"
14.39466667,41.21825,"Rainfall","SUM",2022-03-19,0,FALSE,"CORRECT","UNCHECKED","AUXUNRELIABLE","UNCHECKED","UNCHECKED","UNCHECKED","UNDECIDED"
14.57958333,40.62227778,"Rainfall","SUM",2022-03-19,0.2,FALSE,"CORRECT","UNCHECKED","AUXUNRELIABLE","UNCHECKED","UNCHECKED","UNCHECKED","UNDECIDED"
14.59083333,40.63827778,"Rainfall","SUM",2022-03-19,0,FALSE,"CORRECT","UNCHECKED","AUXUNRELIABLE","UNCHECKED","UNCHECKED","UNCHECKED","UNDECIDED"
14.97204167,41.12759722,"Rainfall","SUM",2022-03-19,0,FALSE,"CORRECT","UNCHECKED","AUXUNRELIABLE","UNCHECKED","UNCHECKED","UNCHECKED","UNDECIDED"
14.49980556,41.02966667,"Rainfall","SUM",2022-03-19,0,FALSE,"CORRECT","UNCHECKED","AUXUNRELIABLE","UNCHECKED","UNCHECKED","UNCHECKED","UNDECIDED"
15.42830556,40.55180556,"Rainfall","SUM",2022-03-19,0.2,FALSE,"CORRECT","UNCHECKED","AUXUNRELIABLE","UNCHECKED","UNCHECKED","UNCHECKED","UNDECIDED"
14.59511111,40.95938889,"Rainfall","SUM",2022-03-19,0,FALSE,"CORRECT","UNCHECKED","AUXUNRELIABLE","UNCHECKED","UNCHECKED","UNCHECKED","UNDECIDED"
14.78358333,40.91197222,"Rainfall","SUM",2022-03-19,1.2,FALSE,"CORRECT","UNCHECKED","AUXUNRELIABLE","UNCHECKED","UNCHECKED","UNCHECKED","UNDECIDED"
15.07444444,40.82730556,"Rainfall","SUM",2022-03-19,2.6,FALSE,"CORRECT","UNCHECKED","AUXUNRELIABLE","UNCHECKED","UNCHECKED","UNCHECKED","UNDECIDED"
14.76627778,40.75127778,"Rainfall","SUM",2022-03-19,0.2,FALSE,"CORRECT","UNCHECKED","AUXUNRELIABLE","UNCHECKED","UNCHECKED","UNCHECKED","UNDECIDED"
14.97575,40.61113889,"Rainfall","SUM",2022-03-19,0,FALSE,"CORRECT","UNCHECKED","AUXUNRELIABLE","UNCHECKED","UNCHECKED","UNCHECKED","UNDECIDED"
14.98254444,40.58382778,"Rainfall","SUM",2022-03-19,0,FALSE,"CORRECT","UNCHECKED","AUXUNRELIABLE","UNCHECKED","UNCHECKED","UNCHECKED","UNDECIDED"
15.31147222,40.42333333,"Rainfall","SUM",2022-03-19,0,FALSE,"CORRECT","UNCHECKED","AUXUNRELIABLE","UNCHECKED","UNCHECKED","UNCHECKED","UNDECIDED"
15.24288889,40.84144444,"Rainfall","SUM",2022-03-19,0.8,FALSE,"CORRECT","UNCHECKED","AUXUNRELIABLE","UNCHECKED","UNCHECKED","UNCHECKED","UNDECIDED"
14.46297222,40.78719444,"Rainfall","SUM",2022-03-19,0,FALSE,"CORRECT","UNCHECKED","AUXUNRELIABLE","UNCHECKED","UNCHECKED","UNCHECKED","UNDECIDED"
14.71116667,40.82480556,"Rainfall","SUM",2022-03-19,0.4,FALSE,"CORRECT","UNCHECKED","AUXUNRELIABLE","UNCHECKED","UNCHECKED","UNCHECKED","UNDECIDED"
14.35722222,41.17966667,"Rainfall","SUM",2022-03-19,0,FALSE,"CORRECT","UNCHECKED","AUXUNRELIABLE","UNCHECKED","UNCHECKED","UNCHECKED","UNDECIDED"
15.30508333,40.29388889,"Rainfall","SUM",2022-03-19,0.2,FALSE,"CORRECT","UNCHECKED","AUXUNRELIABLE","UNCHECKED","UNCHECKED","UNCHECKED","UNDECIDED"
14.96594444,40.46847222,"Rainfall","SUM",2022-03-19,0.4,FALSE,"CORRECT","UNCHECKED","AUXUNRELIABLE","UNCHECKED","UNCHECKED","UNCHECKED","UNDECIDED"
15.22097222,40.81613889,"Rainfall","SUM",2022-03-19,1.4,FALSE,"CORRECT","UNCHECKED","AUXUNRELIABLE","UNCHECKED","UNCHECKED","UNCHECKED","UNDECIDED"
14.23869444,40.54841667,"Rainfall","SUM",2022-03-19,2.2,FALSE,"CORRECT","UNCHECKED","AUXUNRELIABLE","UNCHECKED","UNCHECKED","UNCHECKED","UNDECIDED"
14.20833333,41.10886111,"Rainfall","SUM",2022-03-19,0,FALSE,"CORRECT","UNCHECKED","AUXUNRELIABLE","UNCHECKED","UNCHECKED","UNCHECKED","UNDECIDED"
14.00079722,41.14560278,"Rainfall","SUM",2022-03-19,0,FALSE,"CORRECT","UNCHECKED","AUXUNRELIABLE","UNCHECKED","UNCHECKED","UNCHECKED","UNDECIDED"
14.66350833,41.25913611,"Rainfall","SUM",2022-03-19,2,FALSE,"CORRECT","UNCHECKED","AUXUNRELIABLE","UNCHECKED","UNCHECKED","UNCHECKED","UNDECIDED"
15.66991667,40.16733333,"Rainfall","SUM",2022-03-19,0,FALSE,"CORRECT","UNCHECKED","AUXUNRELIABLE","UNCHECKED","UNCHECKED","UNCHECKED","UNDECIDED"
14.35783333,40.889875,"Rainfall","SUM",2022-03-19,0,FALSE,"CORRECT","UNCHECKED","AUXUNRELIABLE","UNCHECKED","UNCHECKED","UNCHECKED","UNDECIDED"
14.36822222,41.09616667,"Rainfall","SUM",2022-03-19,0,FALSE,"CORRECT","UNCHECKED","AUXUNRELIABLE","UNCHECKED","UNCHECKED","UNCHECKED","UNDECIDED"
15.02944444,40.88008333,"Rainfall","SUM",2022-03-19,0.6,FALSE,"CORRECT","UNCHECKED","AUXUNRELIABLE","UNCHECKED","UNCHECKED","UNCHECKED","UNDECIDED"
15.24241667,40.42275,"Rainfall","SUM",2022-03-19,0,FALSE,"CORRECT","UNCHECKED","AUXUNRELIABLE","UNCHECKED","UNCHECKED","UNCHECKED","UNDECIDED"
14.91501389,41.42482778,"Rainfall","SUM",2022-03-19,2.2,FALSE,"CORRECT","UNCHECKED","AUXUNRELIABLE","UNCHECKED","UNCHECKED","UNCHECKED","UNDECIDED"
13.93997222,41.03388889,"Rainfall","SUM",2022-03-19,0,FALSE,"CORRECT","UNCHECKED","AUXUNRELIABLE","UNCHECKED","UNCHECKED","UNCHECKED","UNDECIDED"
15.08822222,41.29952778,"Rainfall","SUM",2022-03-19,3.2,FALSE,"CORRECT","UNCHECKED","AUXUNRELIABLE","UNCHECKED","UNCHECKED","UNCHECKED","UNDECIDED"
15.33786111,40.58191667,"Rainfall","SUM",2022-03-19,0.8,FALSE,"CORRECT","UNCHECKED","AUXUNRELIABLE","UNCHECKED","UNCHECKED","UNCHECKED","UNDECIDED"
15.16913889,40.21636111,"Rainfall","SUM",2022-03-19,1,FALSE,"CORRECT","UNCHECKED","AUXUNRELIABLE","UNCHECKED","UNCHECKED","UNCHECKED","UNDECIDED"
14.84830556,40.72002778,"Rainfall","SUM",2022-03-19,0,FALSE,"CORRECT","UNCHECKED","AUXUNRELIABLE","UNCHECKED","UNCHECKED","UNCHECKED","UNDECIDED"
14.68844444,40.69272222,"Rainfall","SUM",2022-03-19,0,FALSE,"CORRECT","UNCHECKED","AUXUNRELIABLE","UNCHECKED","UNCHECKED","UNCHECKED","UNDECIDED"
14.70230556,40.70597222,"Rainfall","SUM",2022-03-19,0,FALSE,"CORRECT","UNCHECKED","AUXUNRELIABLE","UNCHECKED","UNCHECKED","UNCHECKED","UNDECIDED"
15.3,40.19852778,"Rainfall","SUM",2022-03-19,1,FALSE,"CORRECT","UNCHECKED","AUXUNRELIABLE","UNCHECKED","UNCHECKED","UNCHECKED","UNDECIDED"
14.63263889,41.0145,"Rainfall","SUM",2022-03-19,1,FALSE,"CORRECT","UNCHECKED","AUXUNRELIABLE","UNCHECKED","UNCHECKED","UNCHECKED","UNDECIDED"
14.70261111,40.65016667,"Rainfall","SUM",2022-03-19,0,FALSE,"CORRECT","UNCHECKED","AUXUNRELIABLE","UNCHECKED","UNCHECKED","UNCHECKED","UNDECIDED"
14.69405556,40.65544444,"Rainfall","SUM",2022-03-19,0.2,FALSE,"CORRECT","UNCHECKED","AUXUNRELIABLE","UNCHECKED","UNCHECKED","UNCHECKED","UNDECIDED"
14.70841667,40.80961111,"Rainfall","SUM",2022-03-19,0,FALSE,"CORRECT","UNCHECKED","AUXUNRELIABLE","UNCHECKED","UNCHECKED","UNCHECKED","UNDECIDED"
14.54094444,40.95911111,"Rainfall","SUM",2022-03-19,0,FALSE,"CORRECT","UNCHECKED","AUXUNRELIABLE","UNCHECKED","UNCHECKED","UNCHECKED","UNDECIDED"
14.83936111,41.36883333,"Rainfall","SUM",2022-03-19,2.8,FALSE,"CORRECT","UNCHECKED","AUXUNRELIABLE","UNCHECKED","UNCHECKED","UNCHECKED","UNDECIDED"
14.77588889,40.71919444,"Rainfall","SUM",2022-03-19,0.2,FALSE,"CORRECT","UNCHECKED","AUXUNRELIABLE","UNCHECKED","UNCHECKED","UNCHECKED","UNDECIDED"
14.007975,41.36690556,"Rainfall","SUM",2022-03-19,0,FALSE,"CORRECT","UNCHECKED","AUXUNRELIABLE","UNCHECKED","UNCHECKED","UNCHECKED","UNDECIDED"
15.19673333,40.51201111,"Rainfall","SUM",2022-03-19,0,FALSE,"CORRECT","UNCHECKED","AUXUNRELIABLE","UNCHECKED","UNCHECKED","UNCHECKED","UNDECIDED"
15.25197222,40.676,"Rainfall","SUM",2022-03-19,0,FALSE,"CORRECT","UNCHECKED","AUXUNRELIABLE","UNCHECKED","UNCHECKED","UNCHECKED","UNDECIDED"
14.60127778,40.72483333,"Rainfall","SUM",2022-03-19,0,FALSE,"CORRECT","UNCHECKED","AUXUNRELIABLE","UNCHECKED","UNCHECKED","UNCHECKED","UNDECIDED"
15.42838889,40.43833333,"Rainfall","SUM",2022-03-19,1.4,FALSE,"CORRECT","UNCHECKED","AUXUNRELIABLE","UNCHECKED","UNCHECKED","UNCHECKED","UNDECIDED"
14.52055556,41.32766667,"Rainfall","SUM",2022-03-19,1.2,FALSE,"CORRECT","UNCHECKED","AUXUNRELIABLE","UNCHECKED","UNCHECKED","UNCHECKED","UNDECIDED"
14.70625,40.67841667,"Rainfall","SUM",2022-03-19,0.2,FALSE,"CORRECT","UNCHECKED","AUXUNRELIABLE","UNCHECKED","UNCHECKED","UNCHECKED","UNDECIDED"
14.9806,40.5536722,"Rainfall","SUM",2022-03-19,0,FALSE,"CORRECT","UNCHECKED","AUXUNRELIABLE","UNCHECKED","UNCHECKED","UNCHECKED","UNDECIDED"
14.37244444,40.82555556,"Rainfall","SUM",2022-03-19,0.4,FALSE,"CORRECT","UNCHECKED","AUXUNRELIABLE","UNCHECKED","UNCHECKED","UNCHECKED","UNDECIDED"
14.47598333,41.28321667,"Rainfall","SUM",2022-03-19,0.2,FALSE,"CORRECT","UNCHECKED","AUXUNRELIABLE","UNCHECKED","UNCHECKED","UNCHECKED","UNDECIDED"
13.95843056,41.17782222,"Rainfall","SUM",2022-03-19,0.2,FALSE,"CORRECT","UNCHECKED","AUXUNRELIABLE","UNCHECKED","UNCHECKED","UNCHECKED","UNDECIDED"
13.92849444,40.72183333,"Rainfall","SUM",2022-03-19,2.2,FALSE,"CORRECT","UNCHECKED","AUXUNRELIABLE","UNCHECKED","UNCHECKED","UNCHECKED","UNDECIDED"
15.17211944,41.08291111,"Rainfall","SUM",2022-03-19,0.4,FALSE,"CORRECT","UNCHECKED","AUXUNRELIABLE","UNCHECKED","UNCHECKED","UNCHECKED","UNDECIDED"
14.62316667,40.88670278,"Rainfall","SUM",2022-03-19,0,FALSE,"CORRECT","UNCHECKED","AUXUNRELIABLE","UNCHECKED","UNCHECKED","UNCHECKED","UNDECIDED"
14.74580556,40.86005556,"Rainfall","SUM",2022-03-19,1,FALSE,"CORRECT","UNCHECKED","AUXUNRELIABLE","UNCHECKED","UNCHECKED","UNCHECKED","UNDECIDED"
13.87927778,40.732,"Rainfall","SUM",2022-03-19,4.4,FALSE,"CORRECT","UNCHECKED","AUXUNRELIABLE","UNCHECKED","UNCHECKED","UNCHECKED","UNDECIDED"
14.91208333,40.78680556,"Rainfall","SUM",2022-03-19,1.8,FALSE,"CORRECT","UNCHECKED","AUXUNRELIABLE","UNCHECKED","UNCHECKED","UNCHECKED","UNDECIDED"
15.22619444,40.29125,"Rainfall","SUM",2022-03-19,0.4,FALSE,"CORRECT","UNCHECKED","AUXUNRELIABLE","UNCHECKED","UNCHECKED","UNCHECKED","UNDECIDED"
14.52638889,40.68652778,"Rainfall","SUM",2022-03-19,1.2,FALSE,"CORRECT","UNCHECKED","AUXUNRELIABLE","UNCHECKED","UNCHECKED","UNCHECKED","UNDECIDED"
14.10547222,41.09272222,"Rainfall","SUM",2022-03-19,0,FALSE,"CORRECT","UNCHECKED","AUXUNRELIABLE","UNCHECKED","UNCHECKED","UNCHECKED","UNDECIDED"
15.13976389,41.23731111,"Rainfall","SUM",2022-03-19,2,FALSE,"CORRECT","UNCHECKED","AUXUNRELIABLE","UNCHECKED","UNCHECKED","UNCHECKED","UNDECIDED"
14.98885278,40.47353056,"Rainfall","SUM",2022-03-19,0.6,FALSE,"CORRECT","UNCHECKED","AUXUNRELIABLE","UNCHECKED","UNCHECKED","UNCHECKED","UNDECIDED"
14.59693611,41.23764167,"Rainfall","SUM",2022-03-19,0.8,FALSE,"CORRECT","UNCHECKED","AUXUNRELIABLE","UNCHECKED","UNCHECKED","UNCHECKED","UNDECIDED"
13.94719444,40.74022222,"Rainfall","SUM",2022-03-19,0.8,FALSE,"CORRECT","UNCHECKED","AUXUNRELIABLE","UNCHECKED","UNCHECKED","UNCHECKED","UNDECIDED"
15.33772222,40.36086111,"Rainfall","SUM",2022-03-19,0,FALSE,"CORRECT","UNCHECKED","AUXUNRELIABLE","UNCHECKED","UNCHECKED","UNCHECKED","UNDECIDED"
14.25302778,41.45391667,"Rainfall","SUM",2022-03-19,0,FALSE,"CORRECT","UNCHECKED","AUXUNRELIABLE","UNCHECKED","UNCHECKED","UNCHECKED","UNDECIDED"
14.53202778,40.70355556,"Rainfall","SUM",2022-03-19,1.2,FALSE,"CORRECT","UNCHECKED","AUXUNRELIABLE","UNCHECKED","UNCHECKED","UNCHECKED","UNDECIDED"
14.28797222,41.22341667,"Rainfall","SUM",2022-03-19,0,FALSE,"CORRECT","UNCHECKED","AUXUNRELIABLE","UNCHECKED","UNCHECKED","UNCHECKED","UNDECIDED"
15.00311111,40.98394444,"Rainfall","SUM",2022-03-19,0.8,FALSE,"CORRECT","UNCHECKED","AUXUNRELIABLE","UNCHECKED","UNCHECKED","UNCHECKED","UNDECIDED"
14.63958333,40.65038889,"Rainfall","SUM",2022-03-19,0,FALSE,"CORRECT","UNCHECKED","AUXUNRELIABLE","UNCHECKED","UNCHECKED","UNCHECKED","UNDECIDED"
14.37122222,40.60541667,"Rainfall","SUM",2022-03-19,1.8,FALSE,"CORRECT","UNCHECKED","AUXUNRELIABLE","UNCHECKED","UNCHECKED","UNCHECKED","UNDECIDED"
14.52843333,41.2582222,"Rainfall","SUM",2022-03-19,0.2,FALSE,"CORRECT","UNCHECKED","AUXUNRELIABLE","UNCHECKED","UNCHECKED","UNCHECKED","UNDECIDED"
15.05355556,41.09102778,"Rainfall","SUM",2022-03-19,0.2,FALSE,"CORRECT","UNCHECKED","AUXUNRELIABLE","UNCHECKED","UNCHECKED","UNCHECKED","UNDECIDED"
14.50527778,41.16730556,"Rainfall","SUM",2022-03-19,0.6,FALSE,"CORRECT","UNCHECKED","AUXUNRELIABLE","UNCHECKED","UNCHECKED","UNCHECKED","UNDECIDED"
14.75288889,40.77841667,"Rainfall","SUM",2022-03-19,0.4,FALSE,"CORRECT","UNCHECKED","AUXUNRELIABLE","UNCHECKED","UNCHECKED","UNCHECKED","UNDECIDED"
14.73188889,40.92005556,"Rainfall","SUM",2022-03-19,1.2,FALSE,"CORRECT","UNCHECKED","AUXUNRELIABLE","UNCHECKED","UNCHECKED","UNCHECKED","UNDECIDED"
14.46388889,40.6535,"Rainfall","SUM",2022-03-19,1.2,FALSE,"CORRECT","UNCHECKED","AUXUNRELIABLE","UNCHECKED","UNCHECKED","UNCHECKED","UNDECIDED"
13.89555556,40.71180556,"Rainfall","SUM",2022-03-19,4.2,FALSE,"CORRECT","UNCHECKED","AUXUNRELIABLE","UNCHECKED","UNCHECKED","UNCHECKED","UNDECIDED"
14.98394444,40.66236111,"Rainfall","SUM",2022-03-19,0,FALSE,"CORRECT","UNCHECKED","AUXUNRELIABLE","UNCHECKED","UNCHECKED","UNCHECKED","UNDECIDED"
14.7215,40.88494444,"Rainfall","SUM",2022-03-19,1.4,FALSE,"CORRECT","UNCHECKED","AUXUNRELIABLE","UNCHECKED","UNCHECKED","UNCHECKED","UNDECIDED"
14.81463611,40.97600833,"Rainfall","SUM",2022-03-19,1,FALSE,"CORRECT","UNCHECKED","AUXUNRELIABLE","UNCHECKED","UNCHECKED","UNCHECKED","UNDECIDED"
15.06518333,40.84511944,"Rainfall","SUM",2022-03-19,3.6,FALSE,"CORRECT","UNCHECKED","AUXUNRELIABLE","UNCHECKED","UNCHECKED","UNCHECKED","UNDECIDED"
15.00366667,40.91425,"Rainfall","SUM",2022-03-19,0.2,FALSE,"CORRECT","UNCHECKED","AUXUNRELIABLE","UNCHECKED","UNCHECKED","UNCHECKED","UNDECIDED"
15.02510556,40.93387778,"Rainfall","SUM",2022-03-19,0,FALSE,"CORRECT","UNCHECKED","AUXUNRELIABLE","UNCHECKED","UNCHECKED","UNCHECKED","UNDECIDED"
14.66602778,41.33536111,"Rainfall","SUM",2022-03-19,1,FALSE,"CORRECT","UNCHECKED","AUXUNRELIABLE","UNCHECKED","UNCHECKED","UNCHECKED","UNDECIDED"
15.56183333,40.14394444,"Rainfall","SUM",2022-03-19,0.2,FALSE,"CORRECT","UNCHECKED","AUXUNRELIABLE","UNCHECKED","UNCHECKED","UNCHECKED","UNDECIDED"
15.54394444,40.134,"Rainfall","SUM",2022-03-19,0.6,FALSE,"CORRECT","UNCHECKED","AUXUNRELIABLE","UNCHECKED","UNCHECKED","UNCHECKED","UNDECIDED"
14.62530556,40.94130556,"Rainfall","SUM",2022-03-19,0,FALSE,"CORRECT","UNCHECKED","AUXUNRELIABLE","UNCHECKED","UNCHECKED","UNCHECKED","UNDECIDED"
14.19905556,40.85838889,"Rainfall","SUM",2022-03-19,1.6,FALSE,"CORRECT","UNCHECKED","AUXUNRELIABLE","UNCHECKED","UNCHECKED","UNCHECKED","UNDECIDED"
14.23258333,40.86166667,"Rainfall","SUM",2022-03-19,1.2,FALSE,"CORRECT","UNCHECKED","AUXUNRELIABLE","UNCHECKED","UNCHECKED","UNCHECKED","UNDECIDED"
15.12997222,40.25769444,"Rainfall","SUM",2022-03-19,0.8,FALSE,"CORRECT","UNCHECKED","AUXUNRELIABLE","UNCHECKED","UNCHECKED","UNCHECKED","UNDECIDED"
14.47880556,40.85497222,"Rainfall","SUM",2022-03-19,0,FALSE,"CORRECT","UNCHECKED","AUXUNRELIABLE","UNCHECKED","UNCHECKED","UNCHECKED","UNDECIDED"
14.83480556,41.14822222,"Rainfall","SUM",2022-03-19,0,FALSE,"CORRECT","UNCHECKED","AUXUNRELIABLE","UNCHECKED","UNCHECKED","UNCHECKED","UNDECIDED"
14.89761111,41.25983333,"Rainfall","SUM",2022-03-19,0.6,FALSE,"CORRECT","UNCHECKED","AUXUNRELIABLE","UNCHECKED","UNCHECKED","UNCHECKED","UNDECIDED"
14.56094444,40.87488889,"Rainfall","SUM",2022-03-19,0,FALSE,"CORRECT","UNCHECKED","AUXUNRELIABLE","UNCHECKED","UNCHECKED","UNCHECKED","UNDECIDED"
14.75652778,40.72880556,"Rainfall","SUM",2022-03-19,0,FALSE,"CORRECT","UNCHECKED","AUXUNRELIABLE","UNCHECKED","UNCHECKED","UNCHECKED","UNDECIDED"
15.15158333,40.32125,"Rainfall","SUM",2022-03-19,0,FALSE,"CORRECT","UNCHECKED","AUXUNRELIABLE","UNCHECKED","UNCHECKED","UNCHECKED","UNDECIDED"
15.03255556,40.54433333,"Rainfall","SUM",2022-03-19,0,FALSE,"CORRECT","UNCHECKED","AUXUNRELIABLE","UNCHECKED","UNCHECKED","UNCHECKED","UNDECIDED"
14.64872222,40.83488889,"Rainfall","SUM",2022-03-19,0.8,FALSE,"CORRECT","UNCHECKED","AUXUNRELIABLE","UNCHECKED","UNCHECKED","UNCHECKED","UNDECIDED"
13.94994444,40.71072222,"Rainfall","SUM",2022-03-19,2,FALSE,"CORRECT","UNCHECKED","AUXUNRELIABLE","UNCHECKED","UNCHECKED","UNCHECKED","UNDECIDED"
14.87981667,41.16609722,"Rainfall","SUM",2022-03-19,0,FALSE,"CORRECT","UNCHECKED","AUXUNRELIABLE","UNCHECKED","UNCHECKED","UNCHECKED","UNDECIDED"
14.20927778,41.26483333,"Rainfall","SUM",2022-03-19,0,FALSE,"CORRECT","UNCHECKED","AUXUNRELIABLE","UNCHECKED","UNCHECKED","UNCHECKED","UNDECIDED"
14.73419444,40.99269444,"Rainfall","SUM",2022-03-19,1.6,FALSE,"CORRECT","UNCHECKED","AUXUNRELIABLE","UNCHECKED","UNCHECKED","UNCHECKED","UNDECIDED"
14.14974444,41.16609722,"Rainfall","SUM",2022-03-19,0,FALSE,"CORRECT","UNCHECKED","AUXUNRELIABLE","UNCHECKED","UNCHECKED","UNCHECKED","UNDECIDED"
14.50397222,40.67338889,"Rainfall","SUM",2022-03-19,0.2,FALSE,"CORRECT","UNCHECKED","AUXUNRELIABLE","UNCHECKED","UNCHECKED","UNCHECKED","UNDECIDED"
14.78663889,40.78502778,"Rainfall","SUM",2022-03-19,0,FALSE,"CORRECT","UNCHECKED","AUXUNRELIABLE","UNCHECKED","UNCHECKED","UNCHECKED","UNDECIDED"
14.49275,40.75669444,"Rainfall","SUM",2022-03-19,0,FALSE,"CORRECT","UNCHECKED","AUXUNRELIABLE","UNCHECKED","UNCHECKED","UNCHECKED","UNDECIDED"
14.68483333,40.73425,"Rainfall","SUM",2022-03-19,0,FALSE,"CORRECT","UNCHECKED","AUXUNRELIABLE","UNCHECKED","UNCHECKED","UNCHECKED","UNDECIDED"
14.83602778,41.14166667,"Rainfall","SUM",2022-03-19,0,FALSE,"CORRECT","UNCHECKED","AUXUNRELIABLE","UNCHECKED","UNCHECKED","UNCHECKED","UNDECIDED"
14.86644444,40.64255556,"Rainfall","SUM",2022-03-19,0,FALSE,"CORRECT","UNCHECKED","AUXUNRELIABLE","UNCHECKED","UNCHECKED","UNCHECKED","UNDECIDED"
14.24183333,41.20436111,"Rainfall","SUM",2022-03-19,0,FALSE,"CORRECT","UNCHECKED","AUXUNRELIABLE","UNCHECKED","UNCHECKED","UNCHECKED","UNDECIDED"
14.50344444,40.6305,"Rainfall","SUM",2022-03-19,1.2,FALSE,"CORRECT","UNCHECKED","AUXUNRELIABLE","UNCHECKED","UNCHECKED","UNCHECKED","UNDECIDED"
14.13547222,40.82980556,"Rainfall","SUM",2022-03-19,0.4,FALSE,"CORRECT","UNCHECKED","AUXUNRELIABLE","UNCHECKED","UNCHECKED","UNCHECKED","UNDECIDED"
14.21241667,41.35291667,"Rainfall","SUM",2022-03-19,0,FALSE,"CORRECT","UNCHECKED","AUXUNRELIABLE","UNCHECKED","UNCHECKED","UNCHECKED","UNDECIDED"
14.64883333,40.86472222,"Rainfall","SUM",2022-03-19,0,FALSE,"CORRECT","UNCHECKED","AUXUNRELIABLE","UNCHECKED","UNCHECKED","UNCHECKED","UNDECIDED"
14.61469444,40.65672222,"Rainfall","SUM",2022-03-19,0.2,FALSE,"CORRECT","UNCHECKED","AUXUNRELIABLE","UNCHECKED","UNCHECKED","UNCHECKED","UNDECIDED"
14.61163889,40.67536111,"Rainfall","SUM",2022-03-19,0,FALSE,"CORRECT","UNCHECKED","AUXUNRELIABLE","UNCHECKED","UNCHECKED","UNCHECKED","UNDECIDED"
13.88997222,41.40583333,"Rainfall","SUM",2022-03-19,0,FALSE,"CORRECT","UNCHECKED","AUXUNRELIABLE","UNCHECKED","UNCHECKED","UNCHECKED","UNDECIDED"
15.17036111,40.47597222,"Rainfall","SUM",2022-03-19,0,FALSE,"CORRECT","UNCHECKED","AUXUNRELIABLE","UNCHECKED","UNCHECKED","UNCHECKED","UNDECIDED"
15.44261111,40.115,"Rainfall","SUM",2022-03-19,0.6,FALSE,"CORRECT","UNCHECKED","AUXUNRELIABLE","UNCHECKED","UNCHECKED","UNCHECKED","UNDECIDED"
13.96822222,41.27697222,"Rainfall","SUM",2022-03-19,0,FALSE,"CORRECT","UNCHECKED","AUXUNRELIABLE","UNCHECKED","UNCHECKED","UNCHECKED","UNDECIDED"
14.97075,41.12461111,"Rainfall","SUM",2022-03-19,0,FALSE,"CORRECT","UNCHECKED","AUXUNRELIABLE","UNCHECKED","UNCHECKED","UNCHECKED","UNDECIDED"
15.43452778,40.21636111,"Rainfall","SUM",2022-03-19,5,FALSE,"CORRECT","UNCHECKED","AUXUNRELIABLE","UNCHECKED","UNCHECKED","UNCHECKED","UNDECIDED"
15.41286111,40.24711111,"Rainfall","SUM",2022-03-19,2.8,FALSE,"CORRECT","UNCHECKED","AUXUNRELIABLE","UNCHECKED","UNCHECKED","UNCHECKED","UNDECIDED"
14.58969444,41.02119444,"Rainfall","SUM",2022-03-19,1.2,FALSE,"CORRECT","UNCHECKED","AUXUNRELIABLE","UNCHECKED","UNCHECKED","UNCHECKED","UNDECIDED"
14.49938889,41.08572222,"Rainfall","SUM",2022-03-19,0,FALSE,"CORRECT","UNCHECKED","AUXUNRELIABLE","UNCHECKED","UNCHECKED","UNCHECKED","UNDECIDED"
14.464,41.10236111,"Rainfall","SUM",2022-03-19,0,FALSE,"CORRECT","UNCHECKED","AUXUNRELIABLE","UNCHECKED","UNCHECKED","UNCHECKED","UNDECIDED"
14.23647222,41.35333333,"Rainfall","SUM",2022-03-19,0,FALSE,"CORRECT","UNCHECKED","AUXUNRELIABLE","UNCHECKED","UNCHECKED","UNCHECKED","UNDECIDED"
14.47877778,40.99972222,"Rainfall","SUM",2022-03-19,0,FALSE,"CORRECT","UNCHECKED","AUXUNRELIABLE","UNCHECKED","UNCHECKED","UNCHECKED","UNDECIDED"
14.48602778,41.02758333,"Rainfall","SUM",2022-03-19,0,FALSE,"CORRECT","UNCHECKED","AUXUNRELIABLE","UNCHECKED","UNCHECKED","UNCHECKED","UNDECIDED"
14.67647222,40.99744444,"Rainfall","SUM",2022-03-19,2,FALSE,"CORRECT","UNCHECKED","AUXUNRELIABLE","UNCHECKED","UNCHECKED","UNCHECKED","UNDECIDED"
14.57330556,40.77994444,"Rainfall","SUM",2022-03-19,0,FALSE,"CORRECT","UNCHECKED","AUXUNRELIABLE","UNCHECKED","UNCHECKED","UNCHECKED","UNDECIDED"
14.63233333,40.76408333,"Rainfall","SUM",2022-03-19,0,FALSE,"CORRECT","UNCHECKED","AUXUNRELIABLE","UNCHECKED","UNCHECKED","UNCHECKED","UNDECIDED"
15.28858333,40.12797222,"Rainfall","SUM",2022-03-19,0.6,FALSE,"CORRECT","UNCHECKED","AUXUNRELIABLE","UNCHECKED","UNCHECKED","UNCHECKED","UNDECIDED"
14.78697222,40.81847222,"Rainfall","SUM",2022-03-19,0.8,FALSE,"CORRECT","UNCHECKED","AUXUNRELIABLE","UNCHECKED","UNCHECKED","UNCHECKED","UNDECIDED"
15.60305556,40.39433333,"Rainfall","SUM",2022-03-19,0.6,FALSE,"CORRECT","UNCHECKED","AUXUNRELIABLE","UNCHECKED","UNCHECKED","UNCHECKED","UNDECIDED"
15.57152778,40.39119444,"Rainfall","SUM",2022-03-19,0,FALSE,"CORRECT","UNCHECKED","AUXUNRELIABLE","UNCHECKED","UNCHECKED","UNCHECKED","UNDECIDED"
14.75144444,40.67808333,"Rainfall","SUM",2022-03-19,0,FALSE,"CORRECT","UNCHECKED","AUXUNRELIABLE","UNCHECKED","UNCHECKED","UNCHECKED","UNDECIDED"
14.63475,41.25067778,"Rainfall","SUM",2022-03-19,0.6,FALSE,"CORRECT","UNCHECKED","AUXUNRELIABLE","UNCHECKED","UNCHECKED","UNCHECKED","UNDECIDED"
14.86775833,41.31384444,"Rainfall","SUM",2022-03-19,3.4,FALSE,"CORRECT","UNCHECKED","AUXMISSING","UNCHECKED","UNCHECKED","UNCHECKED","UNDECIDED"
14.546675,40.90281667,"Rainfall","SUM",2022-03-19,0,FALSE,"CORRECT","UNCHECKED","AUXUNRELIABLE","UNCHECKED","UNCHECKED","UNCHECKED","UNDECIDED"
14.85425,41.00415,"Rainfall","SUM",2022-03-19,0.6,FALSE,"CORRECT","UNCHECKED","AUXUNRELIABLE","UNCHECKED","UNCHECKED","UNCHECKED","UNDECIDED"
15.55338889,40.24425,"Rainfall","SUM",2022-03-19,0,FALSE,"CORRECT","UNCHECKED","AUXUNRELIABLE","UNCHECKED","UNCHECKED","UNCHECKED","UNDECIDED"
15.65230556,40.07441667,"Rainfall","SUM",2022-03-19,0,FALSE,"CORRECT","UNCHECKED","AUXUNRELIABLE","UNCHECKED","UNCHECKED","UNCHECKED","UNDECIDED"
14.61413889,40.8295,"Rainfall","SUM",2022-03-19,0,FALSE,"CORRECT","UNCHECKED","AUXUNRELIABLE","UNCHECKED","UNCHECKED","UNCHECKED","UNDECIDED"
14.60391667,40.64130556,"Rainfall","SUM",2022-03-19,0,FALSE,"CORRECT","UNCHECKED","AUXUNRELIABLE","UNCHECKED","UNCHECKED","UNCHECKED","UNDECIDED"
14.60338889,40.66047222,"Rainfall","SUM",2022-03-19,0,FALSE,"CORRECT","UNCHECKED","AUXUNRELIABLE","UNCHECKED","UNCHECKED","UNCHECKED","UNDECIDED"
15.20569444,40.73861111,"Rainfall","SUM",2022-03-19,0.4,FALSE,"CORRECT","UNCHECKED","AUXUNRELIABLE","UNCHECKED","UNCHECKED","UNCHECKED","UNDECIDED"
14.84452778,40.89136111,"Rainfall","SUM",2022-03-19,3.8,FALSE,"CORRECT","UNCHECKED","AUXUNRELIABLE","UNCHECKED","UNCHECKED","UNCHECKED","UNDECIDED"
15.135848,40.596852,"Rainfall","SUM",2022-03-19,0.8,FALSE,"CORRECT","UNCHECKED","AUXUNRELIABLE","UNCHECKED","UNCHECKED","UNCHECKED","UNDECIDED"
15.29258333,40.60469444,"Rainfall","SUM",2022-03-19,0.8,FALSE,"CORRECT","UNCHECKED","AUXUNRELIABLE","UNCHECKED","UNCHECKED","UNCHECKED","UNDECIDED"
15.58391667,40.35836111,"Rainfall","SUM",2022-03-19,0,FALSE,"CORRECT","UNCHECKED","AUXUNRELIABLE","UNCHECKED","UNCHECKED","UNCHECKED","UNDECIDED"
14.85511111,40.82366667,"Rainfall","SUM",2022-03-19,1,FALSE,"CORRECT","UNCHECKED","AUXUNRELIABLE","UNCHECKED","UNCHECKED","UNCHECKED","UNDECIDED"
14.50166667,41.222,"Rainfall","SUM",2022-03-19,0,FALSE,"CORRECT","UNCHECKED","AUXUNRELIABLE","UNCHECKED","UNCHECKED","UNCHECKED","UNDECIDED"
14.38233333,40.62991667,"Rainfall","SUM",2022-03-19,2.6,FALSE,"CORRECT","UNCHECKED","AUXUNRELIABLE","UNCHECKED","UNCHECKED","UNCHECKED","UNDECIDED"
15.05766667,40.32077778,"Rainfall","SUM",2022-03-19,0.4,FALSE,"CORRECT","UNCHECKED","AUXUNRELIABLE","UNCHECKED","UNCHECKED","UNCHECKED","UNDECIDED"
15.62769444,40.11577778,"Rainfall","SUM",2022-03-19,0.8,FALSE,"CORRECT","UNCHECKED","AUXUNRELIABLE","UNCHECKED","UNCHECKED","UNCHECKED","UNDECIDED"
14.38066667,40.79430556,"Rainfall","SUM",2022-03-19,0,FALSE,"CORRECT","UNCHECKED","AUXUNRELIABLE","UNCHECKED","UNCHECKED","UNCHECKED","UNDECIDED"
14.705475,41.19878056,"Rainfall","SUM",2022-03-19,0.4,FALSE,"CORRECT","UNCHECKED","AUXUNRELIABLE","UNCHECKED","UNCHECKED","UNCHECKED","UNDECIDED"
14.62586111,40.84752778,"Rainfall","SUM",2022-03-19,0.6,FALSE,"CORRECT","UNCHECKED","AUXUNRELIABLE","UNCHECKED","UNCHECKED","UNCHECKED","UNDECIDED"
14.64622222,40.70280556,"Rainfall","SUM",2022-03-19,0.2,FALSE,"CORRECT","UNCHECKED","AUXUNRELIABLE","UNCHECKED","UNCHECKED","UNCHECKED","UNDECIDED"
14.62033333,40.71902778,"Rainfall","SUM",2022-03-19,0.4,FALSE,"CORRECT","UNCHECKED","AUXUNRELIABLE","UNCHECKED","UNCHECKED","UNCHECKED","UNDECIDED"
15.26261111,40.22988889,"Rainfall","SUM",2022-03-19,0,FALSE,"CORRECT","UNCHECKED","AUXUNRELIABLE","UNCHECKED","UNCHECKED","UNCHECKED","UNDECIDED"
14.58663889,40.92752778,"Rainfall","SUM",2022-03-19,0,FALSE,"CORRECT","UNCHECKED","AUXUNRELIABLE","UNCHECKED","UNCHECKED","UNCHECKED","UNDECIDED"
14.20215,41.12403056,"Rainfall","SUM",2022-03-19,0,FALSE,"CORRECT","UNCHECKED","AUXUNRELIABLE","UNCHECKED","UNCHECKED","UNCHECKED","UNDECIDED"
